<?xml version = '1.0' encoding = 'utf-8'?>
<!--Generated by Oracle Analytics Publisher -Dataengine, datamodel:_Custom_Procurement_Solicitud_Orden_de_Compra_DM_SolicitudOrdenCompra_DM_SolicitudCompra_xdm -->
<DATA_DS><P_SOLICITUD>SC_11170</P_SOLICITUD>
<G_1>
<PO_HEADER_ID>300000009568618</PO_HEADER_ID><DOCUMENT_STATUS>Closed for Receiving</DOCUMENT_STATUS><RATE/><COMMENTS>Test Transferencia Consignado</COMMENTS><SOLICITUD>SC_11170</SOLICITUD><AREA>Almacen</AREA><FORMA_PAGO/><DELIVERY_DATE>27/03/2023</DELIVERY_DATE><TYPE_OF_PURCHASE/><PURCHASE_ORDER>OC_364</PURCHASE_ORDER><SUPPLIER_VENDOR_NAME>TEST_JSILVA_REG_RESP_JUR</SUPPLIER_VENDOR_NAME><VENDOR_ID>300000004895207</VENDOR_ID><SOLDTO_LE_ID>300000002430340</SOLDTO_LE_ID><VENDOR_CONTACT_ID>300000005252569</VENDOR_CONTACT_ID><BILLTO_BU_ID>300000002483054</BILLTO_BU_ID><PARTY_ID>300000004895205</PARTY_ID><SUPPLIER_CITY>PRINCIPAL</SUPPLIER_CITY><SUPPLIER_ADDRESS>Calle 1</SUPPLIER_ADDRESS><ADMIN/><SUPPLIER_NUMBER>SIN NUMERO</SUPPLIER_NUMBER><SUPPLIER_PHONE_NUMBER>57(601)3052851</SUPPLIER_PHONE_NUMBER><SUPPLIER_FAX_NUMBER>  </SUPPLIER_FAX_NUMBER><CONTACT_NAME>Jorge  Silva</CONTACT_NAME><CONTACT_EMAIL>mcolivellacrespo@hotmail.com</CONTACT_EMAIL><SOLD_TO_LEGAL_ENTITY_NAME>Gran Colombia Gold Segovia Sucursal Colombia</SOLD_TO_LEGAL_ENTITY_NAME><LEGAL_ENTITY_IDENTIFIER>9003063091</LEGAL_ENTITY_IDENTIFIER><BUSINESS_UNIT>GCG_UNIDAD_NEGOCIO</BUSINESS_UNIT><INTERNAL_LOCATION_CODE>RI_BU_LOC_GCG</INTERNAL_LOCATION_CODE><BILL_TO_LOCATION>CEDI_MEDELLIN</BILL_TO_LOCATION><LEGAL_ENTITY_CITY>ANTIOQUIA</LEGAL_ENTITY_CITY><LEGAL_ENTITY_REGION>MEDELLIN</LEGAL_ENTITY_REGION><ADDRESS_LINE_LEGAL_ENTITY>CARRERA 43A No. 14-57 PISO 13 EDIFICIO SAN FRANCISCO TORRE ALIANZA</ADDRESS_LINE_LEGAL_ENTITY><LEGAL_ENTITY_TELEPHONE_NUMBER/><ADDRESS_LINE_LEGAL_ENTITY_SEND>Avenida 10 # 52-80, Bodega 6 Nortiko Parque Empresarial</ADDRESS_LINE_LEGAL_ENTITY_SEND><TOWN_OR_CITY_LEGAL_ENTITY>MEDELLIN</TOWN_OR_CITY_LEGAL_ENTITY><REGION_LEGAL_ENTITY>ANTIOQUIA</REGION_LEGAL_ENTITY><NLS_TERRITORY_LEGAL_ENTITY>COLOMBIA</NLS_TERRITORY_LEGAL_ENTITY><BILL_TO_LOCATION_ID>300000003790527</BILL_TO_LOCATION_ID><CREATION_DD>27</CREATION_DD><CREATION_MM>03</CREATION_MM><CREATION_YEAR>2023</CREATION_YEAR><CREATDATE>27-03-2023</CREATDATE><CURRENCY_CODE>COP</CURRENCY_CODE><CURRENCY_DESC/><TIPOCOMPRA>Materiales</TIPOCOMPRA><BUYER>Maria Carolina Olivella Crespo</BUYER><PAYMENT_TERMS>30 Días</PAYMENT_TERMS><NOTE_TO_RECEIVER>Test Transferencia Consignado</NOTE_TO_RECEIVER><STATUS>Aprobada</STATUS><MOTIVO_CUENTA/><CENTRO_COSTO/><PROYECTO/><ORIGEN>Proveedor</ORIGEN><DESTINO>Inventario</DESTINO><REQUISITION_HEADER_ID>300000009568606</REQUISITION_HEADER_ID><APROBADOR>Peluffo, Juan</APROBADOR><FECHA_IMPRESION>12/04/2023 10:54 AM</FECHA_IMPRESION>
<G_2>
<LINE_NUM>1</LINE_NUM><PO_HEADER_ID>300000009568618</PO_HEADER_ID><BILL_TO_LOCATION_ID>300000003790527</BILL_TO_LOCATION_ID><ORGANIZATION_ID>300000003091568</ORGANIZATION_ID><ITEM_NUMBER>0313000006</ITEM_NUMBER><REQUISITION>SC_11170</REQUISITION><TOTAL_ORDERS>54145</TOTAL_ORDERS><ITEM_DESCRIPTION>0601000003 BROCA CENTRO 6in [NSTK]</ITEM_DESCRIPTION><DESTINATION_SUBINVENTORY>CONSIGNADO</DESTINATION_SUBINVENTORY><PROMISED_DATE/><IVA>8645</IVA><SUB_IVA>8645</SUB_IVA><QUANTITY>1</QUANTITY><SEGMENT1>OC_364</SEGMENT1><PRC_BU_ID>300000002483054</PRC_BU_ID><UNIT_OF_MEASURE>Unidad</UNIT_OF_MEASURE><LIST_PRICE>45500</LIST_PRICE><CCO>0000</CCO><CURRENCY_CODE>COP</CURRENCY_CODE><SYMBOL>$</SYMBOL><TOTAL_VALUE>45500</TOTAL_VALUE><SUB_TOTAL>45500</SUB_TOTAL><PIVA>19%</PIVA><UBICACION>CEDI_MEDELLIN</UBICACION><DSCTO>0</DSCTO><SUB_DSCTO>0</SUB_DSCTO><ORIGEN>Proveedor</ORIGEN><MOTIVO_CUENTA/><CENTRO_COSTO/><PROYECTO/><LOCALIZADOR/>
</G_2>
</G_1>
<CS_1>1</CS_1>
<TORALITEMS>1</TORALITEMS>
</DATA_DS>
