<?xml version = '1.0' encoding = 'utf-8'?>
<!--Generated by Oracle Analytics Publisher -Dataengine, datamodel:_Custom_Procurement_Solicitud_Orden_de_Compra_DM_SolicitudOrdenCompra_DM_SolicitudCompra_xdm -->
<DATA_DS><P_SOLICITUD>SC_11170</P_SOLICITUD><PARAM_DOC_NUM>OC_364</PARAM_DOC_NUM><PROVEEDOR/><FECHAINICIO>2023-02-28T19:00:00.000-05:00</FECHAINICIO><FECHAFIN>2023-04-03T19:00:00.000-05:00</FECHAFIN>
<G_11>
<PURCHASE_ORDER>OC_364</PURCHASE_ORDER><PO_HEADER_ID>300000009568618</PO_HEADER_ID><SUPPLIER_VENDOR_NAME>TEST_JSILVA_REG_RESP_JUR</SUPPLIER_VENDOR_NAME><VENDOR_ID>300000004895207</VENDOR_ID><SOLDTO_LE_ID>300000002430340</SOLDTO_LE_ID><VENDOR_CONTACT_ID>300000005252569</VENDOR_CONTACT_ID><BILLTO_BU_ID>300000002483054</BILLTO_BU_ID><PARTY_ID>300000004895205</PARTY_ID><SUPPLIER_CITY>PRINCIPAL</SUPPLIER_CITY><SUPPLIER_ADDRESS>Calle 1</SUPPLIER_ADDRESS><SUPPLIER_NUMBER>SIN NUMERO</SUPPLIER_NUMBER><SUPPLIER_PHONE_NUMBER>57(601)3052851</SUPPLIER_PHONE_NUMBER><CONTACT_NAME>Jorge  Silva</CONTACT_NAME><CONTACT_EMAIL>mcolivellacrespo@hotmail.com</CONTACT_EMAIL><SOLD_TO_LEGAL_ENTITY_NAME>Gran Colombia Gold Segovia Sucursal Colombia</SOLD_TO_LEGAL_ENTITY_NAME><LEGAL_ENTITY_IDENTIFIER>9003063091</LEGAL_ENTITY_IDENTIFIER><BUSINESS_UNIT>GCG_UNIDAD_NEGOCIO</BUSINESS_UNIT><INTERNAL_LOCATION_CODE>RI_BU_LOC_GCG</INTERNAL_LOCATION_CODE><BILL_TO_LOCATION>CEDI_MEDELLIN</BILL_TO_LOCATION><LEGAL_ENTITY_CITY>ANTIOQUIA</LEGAL_ENTITY_CITY><LEGAL_ENTITY_REGION>MEDELLIN</LEGAL_ENTITY_REGION><ADDRESS_LINE_LEGAL_ENTITY>CARRERA 43A No. 14-57 PISO 13 EDIFICIO SAN FRANCISCO TORRE ALIANZA</ADDRESS_LINE_LEGAL_ENTITY><ADDRESS_LINE_LEGAL_ENTITY_SEND>Avenida 10 # 52-80, Bodega 6 Nortiko Parque Empresarial</ADDRESS_LINE_LEGAL_ENTITY_SEND><TOWN_OR_CITY_LEGAL_ENTITY>MEDELLIN</TOWN_OR_CITY_LEGAL_ENTITY><REGION_LEGAL_ENTITY>ANTIOQUIA</REGION_LEGAL_ENTITY><NLS_TERRITORY_LEGAL_ENTITY>COLOMBIA</NLS_TERRITORY_LEGAL_ENTITY><BILL_TO_LOCATION_ID>300000003790527</BILL_TO_LOCATION_ID><CREATION_DD>27</CREATION_DD><CREATION_MM>03</CREATION_MM><CREATION_YEAR>2023</CREATION_YEAR><CURRENCY_CODE>COP</CURRENCY_CODE><BUYER>Maria Carolina Olivella Crespo</BUYER><PAYMENT_TERMS>30 Días</PAYMENT_TERMS><REQUISITION_HEADER_ID_LINE>300000009568618</REQUISITION_HEADER_ID_LINE><REQUISITION>N/A</REQUISITION><REQUISITION_NAME>Maria Carolina Olivella Crespo</REQUISITION_NAME><NOTE_TO_RECEIVER>Test Transferencia Consignado</NOTE_TO_RECEIVER><DOCUMENT_STATUS>Closed for Receiving</DOCUMENT_STATUS><COMMENTS>Test Transferencia Consignado</COMMENTS><SOLICITUD>SC_11170</SOLICITUD><AREA>Materiales</AREA><SUPPLIER_FAX_NUMBER>  </SUPPLIER_FAX_NUMBER><DELIVERY_DATE>27/03/2023</DELIVERY_DATE><CREATDATE>27-03-2023</CREATDATE>
</G_11>
<G_3>
<PROFILE_OPTION_ID>300000000021264</PROFILE_OPTION_ID><PROFILE_OPTION_VALUE>NEW_PO</PROFILE_OPTION_VALUE><TITLE>Al aceptar esta orden de compra se entiende que se aceptan de igual
manera las condiciones de contratación.</TITLE><CONTEXT>El único buzón válido para el envío de facturación es:
facturas.segovia@aris-mining.co</CONTEXT>
</G_3>
<G_1>
<PO_HEADER_ID>300000009568618</PO_HEADER_ID><DOCUMENT_STATUS>Closed for Receiving</DOCUMENT_STATUS><COMMENTS>Test Transferencia Consignado</COMMENTS><SOLICITUD>SC_11170</SOLICITUD><AREA>Almacen</AREA><DELIVERY_DATE>27/03/2023</DELIVERY_DATE><PURCHASE_ORDER>OC_364</PURCHASE_ORDER><SUPPLIER_VENDOR_NAME>TEST_JSILVA_REG_RESP_JUR</SUPPLIER_VENDOR_NAME><VENDOR_ID>300000004895207</VENDOR_ID><SOLDTO_LE_ID>300000002430340</SOLDTO_LE_ID><VENDOR_CONTACT_ID>300000005252569</VENDOR_CONTACT_ID><BILLTO_BU_ID>300000002483054</BILLTO_BU_ID><PARTY_ID>300000004895205</PARTY_ID><SUPPLIER_CITY>PRINCIPAL</SUPPLIER_CITY><SUPPLIER_ADDRESS>Calle 1</SUPPLIER_ADDRESS><SUPPLIER_NUMBER>SIN NUMERO</SUPPLIER_NUMBER><SUPPLIER_PHONE_NUMBER>57(601)3052851</SUPPLIER_PHONE_NUMBER><SUPPLIER_FAX_NUMBER>  </SUPPLIER_FAX_NUMBER><CONTACT_NAME>Jorge  Silva</CONTACT_NAME><CONTACT_EMAIL>mcolivellacrespo@hotmail.com</CONTACT_EMAIL><SOLD_TO_LEGAL_ENTITY_NAME>Gran Colombia Gold Segovia Sucursal Colombia</SOLD_TO_LEGAL_ENTITY_NAME><LEGAL_ENTITY_IDENTIFIER>9003063091</LEGAL_ENTITY_IDENTIFIER><BUSINESS_UNIT>GCG_UNIDAD_NEGOCIO</BUSINESS_UNIT><INTERNAL_LOCATION_CODE>RI_BU_LOC_GCG</INTERNAL_LOCATION_CODE><BILL_TO_LOCATION>CEDI_MEDELLIN</BILL_TO_LOCATION><LEGAL_ENTITY_CITY>ANTIOQUIA</LEGAL_ENTITY_CITY><LEGAL_ENTITY_REGION>MEDELLIN</LEGAL_ENTITY_REGION><ADDRESS_LINE_LEGAL_ENTITY>CARRERA 43A No. 14-57 PISO 13 EDIFICIO SAN FRANCISCO TORRE ALIANZA</ADDRESS_LINE_LEGAL_ENTITY><ADDRESS_LINE_LEGAL_ENTITY_SEND>Avenida 10 # 52-80, Bodega 6 Nortiko Parque Empresarial</ADDRESS_LINE_LEGAL_ENTITY_SEND><TOWN_OR_CITY_LEGAL_ENTITY>MEDELLIN</TOWN_OR_CITY_LEGAL_ENTITY><REGION_LEGAL_ENTITY>ANTIOQUIA</REGION_LEGAL_ENTITY><NLS_TERRITORY_LEGAL_ENTITY>COLOMBIA</NLS_TERRITORY_LEGAL_ENTITY><BILL_TO_LOCATION_ID>300000003790527</BILL_TO_LOCATION_ID><CREATION_DD>27</CREATION_DD><CREATION_MM>03</CREATION_MM><CREATION_YEAR>2023</CREATION_YEAR><CREATDATE>27-03-2023</CREATDATE><CURRENCY_CODE>COP</CURRENCY_CODE><TIPOCOMPRA>Materiales</TIPOCOMPRA><BUYER>Maria Carolina Olivella Crespo</BUYER><PAYMENT_TERMS>30 Días</PAYMENT_TERMS><NOTE_TO_RECEIVER>Test Transferencia Consignado</NOTE_TO_RECEIVER><STATUS>APPROVED</STATUS>
<G_2>
<LINE_NUM>1</LINE_NUM><PO_HEADER_ID>300000009568618</PO_HEADER_ID><BILL_TO_LOCATION_ID>300000003790527</BILL_TO_LOCATION_ID><ORGANIZATION_ID>300000003091568</ORGANIZATION_ID><ITEM_NUMBER>0313000006</ITEM_NUMBER><REQUISITION>SC_11170</REQUISITION><TOTAL_ORDERS>54145</TOTAL_ORDERS><ITEM_DESCRIPTION>0601000003 BROCA CENTRO 6in [NSTK]</ITEM_DESCRIPTION><DESTINATION_SUBINVENTORY>CONSIGNADO</DESTINATION_SUBINVENTORY><IVA>8645</IVA><SUB_IVA>8645</SUB_IVA><QUANTITY>1</QUANTITY><SEGMENT1>OC_364</SEGMENT1><PRC_BU_ID>300000002483054</PRC_BU_ID><UNIT_OF_MEASURE>Unidad</UNIT_OF_MEASURE><LIST_PRICE>45500</LIST_PRICE><CCO>0000</CCO><CURRENCY_CODE>COP</CURRENCY_CODE><SYMBOL>$</SYMBOL><TOTAL_VALUE>45500</TOTAL_VALUE><SUB_TOTAL>45500</SUB_TOTAL><PIVA>19%</PIVA><UBICACION>CEDI_MEDELLIN</UBICACION><DSCTO>0</DSCTO><SUB_DSCTO>0</SUB_DSCTO>
</G_2>
<G_4>
<PREPAR_POR>AURA ZAPATA</PREPAR_POR><APROBADO_POR>GIGLIO BARLARO</APROBADO_POR><ELABORADO_POR>MARIA CAROLINA OLIVELLA CRESPO</ELABORADO_POR><PO_HEADER_ID>300000009568618</PO_HEADER_ID>
</G_4>
</G_1>
<G_6>
<REQUISITION_HEADER_ID>300000009568606</REQUISITION_HEADER_ID><REQ_BU_ID>300000002483054</REQ_BU_ID><PRC_BU_ID>300000002483054</PRC_BU_ID><DEFAULT_TAXATION_COUNTRY>CO</DEFAULT_TAXATION_COUNTRY><LINE_GROUP>PO</LINE_GROUP><FUNDS_STATUS>LIQUIDATED</FUNDS_STATUS><CREATED_BY>GCG_IMPLEMENTADOR_SCM1</CREATED_BY><CREATION_DATE>2023-03-27T16:33:29.766+00:00</CREATION_DATE><LAST_UPDATED_BY>GCG_IMPLEMENTADOR_SCM1</LAST_UPDATED_BY><LAST_UPDATE_DATE>2023-03-27T16:36:42.710+00:00</LAST_UPDATE_DATE><LAST_UPDATE_LOGIN>F77CADEF4E1A89D8E0532E90500A5908</LAST_UPDATE_LOGIN><OBJECT_VERSION_NUMBER>12</OBJECT_VERSION_NUMBER><LIFECYCLE_STATUS>DELIVERED</LIFECYCLE_STATUS><REQUISITION_LINE_ID>300000009568607</REQUISITION_LINE_ID><LINE_NUMBER>1</LINE_NUMBER><LINE_TYPE_ID>1</LINE_TYPE_ID><CATEGORY_ID>300000003816521</CATEGORY_ID><ITEM_DESCRIPTION>0601000003 BROCA CENTRO 6in [NSTK]</ITEM_DESCRIPTION><UOM_CODE>UN</UOM_CODE><UNIT_PRICE>45500</UNIT_PRICE><PRICE_VARIANCE_EXCEEDED_FLAG>N</PRICE_VARIANCE_EXCEEDED_FLAG><QUANTITY>1</QUANTITY><ITEM_ID>100000000895015</ITEM_ID><ASSIGNED_BUYER_ID>300000003057947</ASSIGNED_BUYER_ID><NEED_BY_DATE>2023-03-27T00:00:00.000+00:00</NEED_BY_DATE><PO_HEADER_ID>300000009568618</PO_HEADER_ID><PO_LINE_ID>300000009568619</PO_LINE_ID><SOURCE_DOCUMENT_TYPE>BLANKET</SOURCE_DOCUMENT_TYPE><SOURCE_DOC_HEADER_ID>300000009568597</SOURCE_DOC_HEADER_ID><SOURCE_DOC_LINE_ID>300000009568600</SOURCE_DOC_LINE_ID><CURRENCY_CODE>COP</CURRENCY_CODE><CURRENCY_UNIT_PRICE>45500</CURRENCY_UNIT_PRICE><SUGGESTED_VENDOR_CONTACT_EMAIL>mcolivellacrespo@hotmail.com</SUGGESTED_VENDOR_CONTACT_EMAIL><URGENT_FLAG>N</URGENT_FLAG><DESTINATION_TYPE_CODE>INVENTORY</DESTINATION_TYPE_CODE><DESTINATION_ORGANIZATION_ID>300000003091568</DESTINATION_ORGANIZATION_ID><DESTINATION_SUBINVENTORY>CONSIGNADO</DESTINATION_SUBINVENTORY><DELIVER_TO_LOCATION_ID>300000003081146</DELIVER_TO_LOCATION_ID><ONE_TIME_LOCATION_FLAG>N</ONE_TIME_LOCATION_FLAG><REQUESTER_ID>300000003039732</REQUESTER_ID><VENDOR_ID>300000004895207</VENDOR_ID><VENDOR_SITE_ID>300000004895247</VENDOR_SITE_ID><VENDOR_CONTACT_ID>300000005252569</VENDOR_CONTACT_ID><CONTENT_PRC_BU_ID>300000002483054</CONTENT_PRC_BU_ID><ITEM_SOURCE>QUICK_ENTRY</ITEM_SOURCE><PCARD_FLAG>N</PCARD_FLAG><NEW_SUPPLIER_FLAG>N</NEW_SUPPLIER_FLAG><INFO_TEMPLATE_TOUCHED_FLAG>N</INFO_TEMPLATE_TOUCHED_FLAG><REQS_IN_POOL_FLAG>P</REQS_IN_POOL_FLAG><ORDER_TYPE_LOOKUP_CODE>QUANTITY</ORDER_TYPE_LOOKUP_CODE><PURCHASE_BASIS>GOODS</PURCHASE_BASIS><MATCHING_BASIS>QUANTITY</MATCHING_BASIS><NEGOTIATED_BY_PREPARER_FLAG>Y</NEGOTIATED_BY_PREPARER_FLAG><REQTOPO_AUTOMATION_FAILED>N</REQTOPO_AUTOMATION_FAILED><REQTOPO_AUTO_FAILED_REASON>PO_RTP_BPA_AUTO_GEN_N</REQTOPO_AUTO_FAILED_REASON><TRX_BUSINESS_CATEGORY>PURCHASE_TRANSACTION</TRX_BUSINESS_CATEGORY><TAX_CLASSIFICATION_CODE>GCG_IVA_DESC_COMP_19%</TAX_CLASSIFICATION_CODE><PRODUCT_TYPE>GOODS</PRODUCT_TYPE><ASSESSABLE_VALUE>45500</ASSESSABLE_VALUE><BUYER_PROCESSING_FLAG>N</BUYER_PROCESSING_FLAG><LINE_STATUS>APPROVED</LINE_STATUS><LAST_SUBMITTED_DATE>2023-03-27T16:35:55.569+00:00</LAST_SUBMITTED_DATE><LAST_APPROVAL_DATE>2023-03-27T16:36:42.653+00:00</LAST_APPROVAL_DATE><REQ_PO_INSTANCE_ID>999200</REQ_PO_INSTANCE_ID><CONFIGURED_ITEM_FLAG>N</CONFIGURED_ITEM_FLAG><SOURCE_TYPE_CODE>EXTERNAL</SOURCE_TYPE_CODE><REQUESTER_SUPERVISOR_LEVEL1>300000003816283</REQUESTER_SUPERVISOR_LEVEL1><REQUESTER_SUPERVISOR_LEVEL2>300000004732595</REQUESTER_SUPERVISOR_LEVEL2><DISABLE_AUTOSOURCING_FLAG>N</DISABLE_AUTOSOURCING_FLAG>
</G_6>
<CS_1>1</CS_1>
<TORALITEMS>1</TORALITEMS>
<CS_2>1</CS_2>
</DATA_DS>
